LOC_NAAM,latitude,longitude,area
Pieter,52.348826,4.843666,"[(52.31464322019434, 4.81645911586678), (52.32364098399725, 4.819162782553792), (52.324886885787166, 4.81896966350472), (52.32613275249333, 4.818433221701741), (52.3268015717261, 4.817853864554524), (52.32794247531701, 4.815815385703206), (52.33025042020035, 4.810021814231038), (52.33287293868169, 4.803670343283772), (52.33484628131571, 4.799217876319051), (52.33641964757158, 4.801824983481526), (52.336775286146256, 4.801892038706899), (52.339188472356845, 4.801603701237798), (52.33956948972085, 4.801615771178365), (52.34134097249877, 4.801403876666188), (52.34148681759499, 4.801191982154012), (52.3430140654389, 4.801100787047505), (52.34327297132454, 4.799891110781789), (52.343494187177626, 4.798953678731084), (52.34363674791871, 4.798702892188191), (52.345380212209, 4.799550470236897), (52.34665827205591, 4.800183471564412), (52.34791007947248, 4.797554906729817), (52.34847862427651, 4.798335429553151), (52.3488612000217, 4.799369421128392), (52.348993503283026, 4.799779128555417), (52.34912580614835, 4.8004463280478715), (52.35124587483059, 4.810869392279744), (52.35391957225903, 4.809388812903523), (52.355787132603616, 4.8183754842487225), (52.35629168799791, 4.818203047380738), (52.35649809536259, 4.818867847470916), (52.35816078619363, 4.818728178729383), (52.35891348132431, 4.817220680326635), (52.35860532015082, 4.816562173779384), (52.35844458406795, 4.815528157970048), (52.35970875245677, 4.814752951096555), (52.36018377884892, 4.813529863785764), (52.36503203202976, 4.820643082093259), (52.36400673635697, 4.823936834763547), (52.36404932099588, 4.826989188622495), (52.36566423124025, 4.827032103966733), (52.36571991674756, 4.833801999520322), (52.36979459514234, 4.8343598989954195), (52.36907402021032, 4.841634049843808), (52.369556913804686, 4.849926610672464), (52.36855139057165, 4.850519171503387), (52.3688347197804, 4.851244605361211), (52.365763947052024, 4.852485023349935), (52.36135149133203, 4.853206330213613), (52.35759875031765, 4.858030179446233), (52.355617416738305, 4.854090633115238), (52.348859808744166, 4.858129008143139), (52.3451660130068, 4.854826692971503), (52.33989016911089, 4.856576034832911), (52.34141519362471, 4.861431645525394), (52.33689432412649, 4.861079852886814), (52.33531006173729, 4.851115023138819), (52.33201246127383, 4.868666569486844), (52.330738910378486, 4.8686931842156245), (52.33084218884182, 4.862175208948107), (52.327849119680174, 4.862228438405669), (52.32780983857947, 4.856680800717479), (52.32483298748027, 4.856722886616285), (52.326380721673516, 4.851339057550721), (52.32571213607236, 4.84562263456735), (52.325197399516355, 4.845077926658932), (52.32484003227052, 4.843127741226709), (52.32285313554299, 4.842918089966717), (52.321646538096765, 4.844022282167231), (52.32064288162759, 4.843870709923115), (52.32027726679223, 4.843417709108895), (52.32001001916968, 4.84209567257381), (52.31996081489653, 4.841296959305925), (52.31958696806204, 4.840708043359716), (52.31855726220249, 4.840688925761771), (52.31789472318707, 4.840082062254765), (52.31718580485294, 4.839070814586561), (52.31659492857924, 4.838923238221113), (52.316187684890274, 4.83865764465905), (52.316002816554025, 4.8389579423295), (52.3157654783782, 4.83902220560668), (52.315908540298615, 4.838096733757364), (52.31598601575892, 4.836613362432911), (52.31585894636256, 4.834601486193346), (52.3162885491169, 4.8334740804934695), (52.316957547165046, 4.832946611699347), (52.31742322542654, 4.831871972266146), (52.31739711187168, 4.830534573285905), (52.31626911347821, 4.830874384385364), (52.315770719919996, 4.830699211354004), (52.31487885638959, 4.8310355107990155)]"
Dirk,52.358052,4.88592,"[(52.35913170162285, 4.865575862882796), (52.35978691766017, 4.868794513700667), (52.36087455483265, 4.868107868192855), (52.36336422588708, 4.87795693969554), (52.363838999394055, 4.880077842710913), (52.36330330333332, 4.881588905333061), (52.36660671248447, 4.888163978575366), (52.365446725315785, 4.8903673057547525), (52.36465358706053, 4.895681995391414), (52.36151493253042, 4.895997047424316), (52.36265579506395, 4.90240505981359), (52.35926887057777, 4.904021198271411), (52.358197788368514, 4.899100069044531), (52.35682526388248, 4.899500442503157), (52.353070492696375, 4.902386499403182), (52.35218581430924, 4.902826381681624), (52.35168448869634, 4.899055195806685), (52.3519040241417, 4.898245168684188), (52.35134699178069, 4.894522262571517), (52.350370529880294, 4.894372058866683), (52.34821437317673, 4.895037246702376), (52.347270611924515, 4.894822669981185), (52.34730993571229, 4.893363548277083), (52.34302343695399, 4.8937068710309894), (52.337648340575264, 4.893170429228011), (52.339680466020226, 4.886894060133162), (52.33983778796643, 4.882849288938704), (52.3397722372236, 4.8770771751386555), (52.339313379302375, 4.8770771751386555), (52.33928715870597, 4.881352616308394), (52.33924127262478, 4.882964623926345), (52.33901184150455, 4.884404970167342), (52.336206130381555, 4.884388876913253), (52.33494743577789, 4.884434474466506), (52.33494743577789, 4.883578849790755), (52.33380671285058, 4.882680309770766), (52.33300687807935, 4.882404042242232), (52.33305604866701, 4.885876497088137), (52.328056759201914, 4.885937182067099), (52.32804036715956, 4.879388904033366), (52.3321545792087, 4.879449589012328), (52.33215457920877, 4.869033230302993), (52.33499988210158, 4.869094921110335), (52.33943137179398, 4.86873014068431), (52.339462508649, 4.864140881059829), (52.3397034088389, 4.863113595007125), (52.339687021112454, 4.861016107557479), (52.343419988305314, 4.866192770956221), (52.34392796211304, 4.868107868192855), (52.34634649284222, 4.8672388324720295), (52.34647102065319, 4.868322444914046), (52.350639222889896, 4.866777492521468), (52.35045572540162, 4.864556623457137), (52.35109796327797, 4.867034984586898), (52.352120281872395, 4.870704246519271)]"
Hendrik,52.37258,4.875664,"[(52.39535056340695, 4.89220483398265), (52.389418730289414, 4.895380569456282), (52.388449657513576, 4.890724254606429), (52.38292619130784, 4.890386296270552), (52.38059500426226, 4.8881724680048855), (52.37959984808673, 4.889690430669251), (52.378774951504774, 4.893697483299437), (52.37483875157018, 4.889318274168435), (52.37237143123783, 4.888336470417816), (52.36862003454356, 4.887740904765341), (52.36733811228306, 4.889430581193555), (52.36340939594646, 4.88159305120087), (52.36397311008265, 4.88010327923428), (52.36095138822288, 4.867906589884914), (52.35983478196278, 4.868618687565576), (52.359189908427155, 4.86553277728115), (52.36022238140577, 4.864828668601948), (52.359556121478995, 4.862055149229381), (52.36231204475003, 4.860241745432976), (52.36176991074964, 4.85779510980672), (52.36369121512581, 4.859339601194623), (52.36419445827528, 4.858438263714451), (52.36437012529785, 4.857558383906397), (52.36390302778672, 4.855283841848976), (52.363619368936384, 4.8533955378897), (52.36574007474522, 4.853256034208133), (52.36724488849695, 4.8524728003629924), (52.36677272774265, 4.849667202530217), (52.36547389712587, 4.8502230894481535), (52.36439777743941, 4.850349822923707), (52.36439080136406, 4.847602737753167), (52.36519815146424, 4.847371941993064), (52.365166926573785, 4.848214029838918), (52.3660478572077, 4.848954067957383), (52.36601161336875, 4.848749968502606), (52.3664470529602, 4.847387154753395), (52.367108286928286, 4.8473008209256285), (52.367132792543316, 4.847835250171446), (52.36766545416799, 4.848164658740988), (52.3686566675065, 4.847528472065168), (52.368909660935635, 4.847672305073392), (52.36910120949752, 4.848067259450435), (52.36962841871769, 4.847827199942802), (52.36941176087523, 4.84569751878178), (52.36943092714094, 4.84223746194937), (52.37215240865602, 4.842095301269982), (52.37522741430072, 4.842811447475359), (52.37506318272398, 4.84533808116419), (52.375167494421774, 4.846266118280145), (52.372442194943076, 4.847773512543316), (52.372898766040265, 4.85013382766363), (52.37563567972478, 4.848621047372834), (52.37627075916721, 4.852003309339015), (52.37657834960597, 4.854870587174336), (52.37429853670356, 4.855541132224861), (52.37462359005644, 4.858609348835561), (52.3770326701093, 4.857901130404461), (52.377673300140486, 4.863673128953341), (52.379243920814176, 4.863136571899194), (52.37975414673018, 4.868179067221607), (52.37600101850593, 4.869713261965334), (52.37587626847207, 4.870238946119461), (52.37967250292122, 4.873629027811948), (52.38115591454068, 4.873864140195909), (52.38511296146388, 4.880343896171215), (52.38498365682615, 4.881330488084021), (52.3856255975477, 4.881552105603877), (52.385534126169446, 4.8828680644018085), (52.39021263385432, 4.885512722490493), (52.39102616558063, 4.884775115011397), (52.391657992753366, 4.8824201354963215), (52.39396261209512, 4.886818958280745), (52.39337337428258, 4.887741638181868), (52.39387750045276, 4.887891841886702)]"
IJsbrand,52.406318,4.889575,"[(52.41816156389476, 4.861921862123109), (52.416172309412424, 4.857716158387757), (52.414706485528754, 4.86239393090973), (52.41313590587106, 4.8673935685134895), (52.41088464415357, 4.871781662461854), (52.40855472905372, 4.875005677697755), (52.400084961065126, 4.88900634810042), (52.39763015093919, 4.8906851806162255), (52.396851169402694, 4.895110595163281), (52.38706956076918, 4.896751646425321), (52.38137249357724, 4.901654263849471), (52.384883040068566, 4.909076775782397), (52.390122380925895, 4.918256974208877), (52.396501174227964, 4.922176357725574), (52.39876147039824, 4.920378817030522), (52.399174325837386, 4.9215333928476745), (52.39953480771315, 4.922323188238762), (52.401024266065306, 4.92273149697942), (52.402120925920194, 4.923483128473944), (52.402648081545486, 4.923800242108056), (52.40309668268604, 4.923924236693136), (52.40474312735714, 4.916649164534639), (52.40682499904088, 4.919007665847488), (52.407545897343766, 4.91738392636194), (52.40591803405815, 4.915048398455948), (52.40700174772067, 4.912737686577029), (52.4072556123866, 4.912982443743363), (52.40804616505578, 4.91116726438622), (52.41010317199327, 4.91278199896283), (52.411754331857786, 4.910233945148366), (52.41563038765282, 4.9119345104134915), (52.417339506372, 4.905819252858192), (52.42012940613968, 4.907192901871209), (52.422147830942826, 4.903251584512929), (52.423982971239084, 4.897593653385117), (52.42525183900574, 4.890239791422659), (52.42590532184111, 4.882226861198955), (52.42579763542927, 4.878327606124451), (52.42757109178408, 4.874133984891378), (52.43080379589762, 4.870896583733906), (52.43015172701143, 4.868541654465837), (52.42591670653191, 4.86778000759962), (52.42110968561145, 4.861793518066406)]"
Nico,52.370257,4.909566,"[(52.388168493580615, 4.891582219070583), (52.38862684438344, 4.896238533920436), (52.38688508601306, 4.896560399002223), (52.38107736405871, 4.901895312732845), (52.384792306817644, 4.910020394391208), (52.387059044968666, 4.914764300129204), (52.38889299003868, 4.917522491096347), (52.390478052337535, 4.919293629146009), (52.39654277347567, 4.922429969674735), (52.39713059444788, 4.921851052577435), (52.39699242893356, 4.922226781864478), (52.397129219923265, 4.92264542649576), (52.39518864249933, 4.923633359513073), (52.390862003678905, 4.924708003318696), (52.3912946610719, 4.929032604350536), (52.391399944274966, 4.9322199487600615), (52.38777278491537, 4.93041257993394), (52.38574293578677, 4.94420326759649), (52.383915965548596, 4.94372790105484), (52.38368350838859, 4.952073286631671), (52.38407971135428, 4.954324693326666), (52.383729381114684, 4.9575953394473204), (52.382540817670275, 4.959814559634137), (52.37760608471151, 4.954201729497467), (52.376469753561935, 4.954339555488727), (52.37596546135156, 4.935517879285212), (52.377268867704586, 4.9269529703546455), (52.37428848221769, 4.925692006664062), (52.372874454976014, 4.931217987105296), (52.37156479488634, 4.932253634720323), (52.368918761615085, 4.92803215266616), (52.36844749811686, 4.9287834861256075), (52.36813325406263, 4.928837287773544), (52.367753350925504, 4.928164092677716), (52.36728828161045, 4.927705474303079), (52.36724252298597, 4.925640252095431), (52.36708698551185, 4.925538367519775), (52.36740639623329, 4.924717650928128), (52.36735408674189, 4.923848693941122), (52.36864153424509, 4.919948919501107), (52.367279340668254, 4.9184847483142535), (52.366283450475635, 4.9202575257463055), (52.3660266079433, 4.921187013651829), (52.365580451503526, 4.921582020170203), (52.364715340921926, 4.920202384528634), (52.36426950800406, 4.919305546509745), (52.363901951908694, 4.918324579803479), (52.36338370670797, 4.916614052245163), (52.36284512690762, 4.914512643963858), (52.36174859906922, 4.914996057132552), (52.361396957854346, 4.9134404528471665), (52.36129428629717, 4.911723916020887), (52.360909881752384, 4.911096356054654), (52.36064506681359, 4.910258184973313), (52.360642330463186, 4.909398556219853), (52.36077444924878, 4.9088272841713065), (52.36051426814457, 4.90763642184032), (52.35971026263221, 4.90654211903387), (52.35918988635934, 4.904310598076731), (52.36279444919763, 4.902534327093631), (52.36164839261566, 4.896147663121551), (52.363371741723235, 4.896012049412488), (52.36479589975943, 4.895913290323901), (52.36508150538967, 4.894008372032315), (52.365491583400704, 4.890633603200567), (52.3667244481642, 4.888347261337853), (52.36733211940832, 4.889801983913853), (52.36860796932901, 4.887973682655624), (52.37222838391764, 4.888492931422488), (52.37474813342838, 4.889527164320211), (52.37882423817915, 4.894046136619292), (52.379630922871236, 4.889932694149448), (52.380542377490954, 4.888394172333901), (52.38282590026651, 4.890608577198177)]"
Osdorp,52.36659,4.802086,"[(52.38413775777048, 4.827027013240572), (52.381046757339796, 4.826941182552096), (52.37942258564607, 4.83706920379233), (52.373737514237725, 4.834966351924654), (52.37264691860913, 4.8413553737981285), (52.36922430401493, 4.841757705150362), (52.369261970594806, 4.839373221336123), (52.369509259082704, 4.836988737521883), (52.369966165958125, 4.834067811904665), (52.36574246318864, 4.833743264613863), (52.365712163745606, 4.826966663537737), (52.364086609109016, 4.826809754310366), (52.36403911089535, 4.8239532017095055), (52.36508405980008, 4.820621898113009), (52.360180119908996, 4.813449671207186), (52.359697722337394, 4.814682146249529), (52.35840283965777, 4.815501561103579), (52.358568848440505, 4.816552232666131), (52.358879006256046, 4.817232759384629), (52.358182287092525, 4.8185439824072684), (52.35731519283687, 4.8185248297585215), (52.35651360758757, 4.818666609650668), (52.3563429677739, 4.818051330809672), (52.35583158830474, 4.818165612820726), (52.35394382696047, 4.809253208520081), (52.35183317364604, 4.81049028313179), (52.35128569846105, 4.810765497683738), (52.35025325827975, 4.805644107697722), (52.34964979223484, 4.8025886944441165), (52.348967673429975, 4.79955473886263), (52.348475066770426, 4.7982397020740475), (52.34792728438148, 4.797461484274086), (52.347484358302665, 4.798399880243656), (52.34665092533795, 4.800105010805842), (52.34354375035885, 4.798581589427036), (52.343512480358456, 4.798789269413524), (52.34326088174819, 4.7996977721112355), (52.34288774941091, 4.801032363617983), (52.341365963840744, 4.800955732068237), (52.34129522717151, 4.801289284666259), (52.339126884200006, 4.8015370065758045), (52.33642880332687, 4.801764229493406), (52.33481555834757, 4.7990678445847745), (52.33548574919475, 4.797634683206402), (52.3415246528459, 4.7915344781421165), (52.34217835522055, 4.790171054198131), (52.34495658290586, 4.783298803819767), (52.34873814747346, 4.774264399445078), (52.352938790703135, 4.763513381300859), (52.35546800364234, 4.757460868938201), (52.35701398257366, 4.755226373387691), (52.360433179453565, 4.755927582452264), (52.372523283321144, 4.759061177907702), (52.37523939309756, 4.758362294821259), (52.37999870681272, 4.754659337638136), (52.38109904665308, 4.758098767785546), (52.37635740256593, 4.767714906199094), (52.383574557555825, 4.76823144098204), (52.383934740998434, 4.817584862182107)]"
Victor,52.360495,4.929174,"[(52.350138578218626, 4.984543167599056), (52.35310068010737, 4.991023384579036), (52.356277722693484, 4.985713933438092), (52.357329956714764, 4.986179976452432), (52.35827292323616, 4.98503966101032), (52.35809914099164, 4.982850213749188), (52.35804330088709, 4.974674075966856), (52.36073937403977, 4.974169055967117), (52.361248714324134, 4.968552127937462), (52.36549000755657, 4.9710222512639435), (52.36570762283153, 4.970295995379113), (52.365588774664865, 4.969704879670411), (52.36567301505371, 4.969194230232157), (52.36648852988609, 4.968568245806262), (52.36726472366409, 4.96861817805216), (52.368453607810096, 4.970229155944725), (52.371188439825126, 4.964911161709988), (52.372185703453646, 4.96161648105609), (52.37344712855811, 4.955021617895801), (52.37612327316302, 4.954477818273109), (52.37572017557257, 4.934456280776072), (52.37698069439337, 4.927159142845645), (52.374366762066735, 4.925932996715057), (52.373427580573, 4.92973330453669), (52.37293379238438, 4.931430760490647), (52.37154007843933, 4.932551159153933), (52.3689500779232, 4.92826192458665), (52.368506635363985, 4.928981906530914), (52.36813424257009, 4.929062947765477), (52.36777117029836, 4.928384636366787), (52.36722277805368, 4.927734344421735), (52.36721156515494, 4.9257322191331365), (52.367030779709864, 4.92554503946625), (52.36736097359625, 4.924692671963631), (52.36730075010643, 4.9238677015153165), (52.36859001326695, 4.919974283953965), (52.36730867977348, 4.9185747458123075), (52.366412505784666, 4.920160218822187), (52.36608364072186, 4.921307605598857), (52.36551892841456, 4.921725431523436), (52.36427941514172, 4.919546879121599), (52.363888948683005, 4.918639993133693), (52.363298327048206, 4.916645695895903), (52.36276666258686, 4.914651398658112), (52.36170331447102, 4.915115271147252), (52.36134005978848, 4.913415900560083), (52.36123887875674, 4.9118238183335095), (52.360867243691544, 4.911177980925077), (52.36055457352177, 4.910296109123293), (52.36059898611271, 4.909210389436378), (52.36054511877776, 4.908489450175528), (52.35566510281098, 4.91145520864106), (52.35578707460788, 4.912058323316941), (52.35540902757871, 4.91289632245786), (52.35514792211422, 4.9142487307654825), (52.35466401804145, 4.915107612614404), (52.355911689972196, 4.919016166113259), (52.355015284797076, 4.919704440207617), (52.35406643779111, 4.920263968269301), (52.35346160686075, 4.920045655716665), (52.352411151931705, 4.921393753228687), (52.35406057437227, 4.92519875419839), (52.35193540948974, 4.928102532939089), (52.3502564739691, 4.925201532713208), (52.34757220567875, 4.929233660438355), (52.350811736696635, 4.935114212527272), (52.34904252326585, 4.937954815615102), (52.348138354222314, 4.936332222902111), (52.34680185383927, 4.938537286194391), (52.34779200531328, 4.9401522635034345), (52.34445947800063, 4.945465863302996), (52.350381219089, 4.95545723562449), (52.34855577069376, 4.959495685084292), (52.349609148203086, 4.960377653191879), (52.35194696102389, 4.960658806480169), (52.35353885965683, 4.963242541337314), (52.355314179035965, 4.964742663752442), (52.35708942710302, 4.966049667118497), (52.355973166083075, 4.9735261594089675)]"
Willem,52.348875,4.914774,"[(52.35456941981703, 4.915094375610352), (52.3557767466149, 4.918938289896464), (52.35402794556982, 4.920130686187489), (52.3535372766151, 4.919778130085897), (52.35227292521344, 4.921385521030004), (52.353865733522206, 4.9251815945302635), (52.3519399187801, 4.927859934615539), (52.350263861000705, 4.924891038003825), (52.34745220648049, 4.929258909351155), (52.35070181429983, 4.935124603786565), (52.34906239197854, 4.937750189731984), (52.348142809652714, 4.936113448872579), (52.346670616299505, 4.938654996298095), (52.34760905883984, 4.940129617896005), (52.3444839521985, 4.945252043754129), (52.34357410640664, 4.943786964271677), (52.34268657189557, 4.943558679825251), (52.342708180126564, 4.942951011143277), (52.33992431312022, 4.938266384758707), (52.34313450970333, 4.932652830058308), (52.33977432716014, 4.927019004406432), (52.338936491744484, 4.928971059208953), (52.33717432965424, 4.923058877179809), (52.33215578532493, 4.927549512606282), (52.32927585128432, 4.918170136448974), (52.32875620904419, 4.914069347632974), (52.3203611561546, 4.904998425512379), (52.32114643857888, 4.9027510431256704), (52.32152595899973, 4.901241113834152), (52.32163702485348, 4.899027027484291), (52.321823712660105, 4.897705407588209), (52.32313831173773, 4.895782972872751), (52.32416044427282, 4.895152808138157), (52.324436129675725, 4.894733052616336), (52.32442412331813, 4.893484340125047), (52.323980437712585, 4.8928751902889545), (52.32377503324065, 4.892086044059192), (52.32506914149567, 4.891108566418962), (52.328758785723345, 4.890698563531082), (52.3286681462731, 4.888230354457956), (52.32823655492026, 4.886877944335066), (52.328081500949985, 4.886104314579969), (52.33307981856927, 4.885974414988485), (52.333016566798065, 4.882582949234853), (52.33345462569762, 4.882573720764425), (52.33482897499258, 4.883585232085328), (52.33482418987463, 4.884578286465375), (52.33788741897474, 4.884498457239466), (52.33852208800298, 4.884478499932978), (52.3391043065284, 4.884544373315007), (52.33933243331951, 4.882847969885917), (52.3394032360012, 4.881237397145344), (52.339413738573036, 4.877243775467868), (52.33972316845241, 4.877238786141236), (52.33974417344153, 4.882126146057768), (52.33966029701313, 4.88478190807395), (52.339534553866464, 4.886650225913947), (52.337440408690775, 4.893314107196014), (52.34288284694675, 4.8938780081337185), (52.347118923986564, 4.89353420609536), (52.3471381723044, 4.894923166231386), (52.348143991069826, 4.895231408201255), (52.35024598124178, 4.894505764629304), (52.35124691766554, 4.8946384279421595), (52.35178098256173, 4.898003889395559), (52.35157617540538, 4.898935601598069), (52.351866970385906, 4.901354105862166), (52.352118443977886, 4.903043049274212), (52.35304920019105, 4.902629989085918), (52.35483181506028, 4.9012727913243825), (52.356660226083065, 4.899786847530132), (52.35809542145349, 4.899245041309124), (52.359110681048676, 4.90411199018276), (52.359091471586204, 4.904357264252255), (52.35962204154678, 4.906605930432795), (52.360290041873455, 4.907584204566335), (52.360472873504136, 4.908296207850507), (52.35786384640918, 4.90993479114004), (52.355554572667806, 4.911354288656531), (52.35564354110209, 4.912087140665209), (52.35532346944481, 4.912780368486276), (52.355063383916296, 4.914145366456251)]"
Zebra,52.396243,4.95483,"[(52.42132864869538, 4.953834191536721), (52.421543829008925, 4.950943169515063), (52.42050274996174, 4.947880486116452), (52.41747825640026, 4.946389976496963), (52.41262690768919, 4.943283405596439), (52.41271981220584, 4.939084090603423), (52.411406896980196, 4.933376896587802), (52.41145723070678, 4.931124114399328), (52.42005478569922, 4.907638828956946), (52.41744347748554, 4.906324614885618), (52.416548510327665, 4.9096438656280394), (52.41590470674697, 4.912419289949446), (52.41186975065921, 4.910658465955633), (52.410164378544025, 4.913232091729927), (52.408062069532946, 4.911404729612263), (52.407305104400336, 4.913153878763383), (52.40704115640994, 4.913019942749344), (52.406017963842565, 4.915031773947258), (52.407688624131914, 4.917310793799734), (52.40688033978535, 4.919197353325853), (52.404818639494046, 4.916940866512571), (52.403187253318414, 4.924162466716764), (52.3995174784229, 4.922483950641512), (52.39880643618024, 4.920977095943213), (52.39735658759606, 4.921912691752639), (52.39646797895783, 4.92317442352574), (52.39534366687907, 4.923770967463188), (52.391005330363605, 4.924861072280202), (52.39142230883242, 4.9288715387359705), (52.39152500905498, 4.932452851749316), (52.38792654889706, 4.9306552421517), (52.38669350454157, 4.938319544526815), (52.38584859184249, 4.944379631720195), (52.38400155371413, 4.943968525589417), (52.38378963696052, 4.951887402110375), (52.38420756052158, 4.954323345650415), (52.38383966175505, 4.957617596075181), (52.38255376467493, 4.96002185086148), (52.37769246299994, 4.954248889394295), (52.37352976052437, 4.955396544632018), (52.372059900516554, 4.962870526792624), (52.371332158628434, 4.965120239714778), (52.37022447367062, 4.967284121948454), (52.368559291968126, 4.970506816301672), (52.36724715727612, 4.968752732493229), (52.366493459697224, 4.968664233076954), (52.36570044186738, 4.969316023348789), (52.36564279300118, 4.969694228301105), (52.365768578735164, 4.970276281138553), (52.36547639721991, 4.971290183108614), (52.361435422855486, 4.969037343235523), (52.36095326803016, 4.974466565680542), (52.36002438906834, 4.9765492540727685), (52.358238322140785, 4.979832709305914), (52.360143832435305, 4.98474737901895), (52.35818655585405, 4.986403070963257), (52.356606231491014, 4.986532679793765), (52.35497074165839, 4.9897517620105125), (52.354632679800716, 4.9888938865246235), (52.3521937625548, 4.993143368402007), (52.35006928236897, 4.99739285027939), (52.35086408787741, 4.998512100420678), (52.353872789621285, 4.992989825778351), (52.357976325090796, 4.999025583500574), (52.3585953543233, 4.9977718845589925), (52.36935601134236, 5.0027838258762), (52.369632918003134, 5.019116559419583), (52.3604059756597, 5.042959773510525), (52.37083023819591, 5.048546248994574), (52.37647884229252, 5.061349983043808), (52.389094096062955, 5.025058563284448), (52.397830405850804, 5.028249260224307), (52.39780913010225, 5.023472664602071), (52.40134899337736, 5.024532555796242), (52.4060814605764, 5.040445094205737), (52.4102898535882, 5.046572934128863), (52.412393899532304, 5.045860303797438), (52.41449784510449, 5.047894255497303), (52.41736402461099, 5.036460665324025), (52.414923206195915, 5.032975468137777), (52.41373873950336, 5.024683752396841), (52.413398449031085, 5.019154371122592), (52.411173383189386, 5.011221730570998), (52.416343240505874, 4.999633224351969), (52.41397436285817, 4.991477945672003), (52.41902610765258, 4.985354447710866), (52.4204918600639, 4.989924813631266), (52.42436535338911, 4.990739968689799), (52.4279246355347, 4.986104638548117), (52.42289980185608, 4.973273423584819), (52.42258546033157, 4.96919693884613), (52.42208791658622, 4.959112305914082), (52.42197000055233, 4.956215756659992), (52.42374301530662, 4.952707545509489), (52.42313778234404, 4.951382593376641)]"
Diemen,52.341185,4.964647,"[(52.31941383797814, 4.999707348400468), (52.32295506846318, 5.003247864300127), (52.324712462810716, 5.004385120922441), (52.328345064171174, 5.0050717664302535), (52.332449413636624, 5.004642612987871), (52.33446866624719, 4.995029575878496), (52.338034913191, 4.987133152538652), (52.339804818676654, 4.9852234197200485), (52.34139111820832, 4.982970364147539), (52.341941721270125, 4.984086163097734), (52.34306912519419, 4.9878197980464645), (52.3426332427833, 4.989911921078081), (52.341384563368706, 4.992948181682939), (52.340984716312434, 4.996359951549882), (52.3420203782907, 4.998291142040605), (52.34954458627686, 4.983914501720781), (52.35539814231501, 4.972686145972798), (52.356409957579515, 4.965910676397325), (52.35488158276495, 4.965005578842501), (52.35314345649289, 4.963435293451983), (52.35229101575456, 4.961585065595777), (52.351438558575715, 4.960807721345528), (52.35042065786665, 4.960707782859242), (52.34951737397802, 4.960583556504119), (52.34833881250256, 4.9595795655921115), (52.350130183041486, 4.955522376080719), (52.34359003860496, 4.943969787447715), (52.342573502256165, 4.943663806016163), (52.34257827447084, 4.942991860256969), (52.34227914506004, 4.942387666475883), (52.34123261467943, 4.943427518833223), (52.341020698765384, 4.9442907677658), (52.33795729730994, 4.946849172795789), (52.33884673122348, 4.950237795509738), (52.33337402291479, 4.954863490099903), (52.3317146048793, 4.956793173067999), (52.33240087240223, 4.958891502367795), (52.33151675739937, 4.962635027737088), (52.32926886544899, 4.973545415594134), (52.32986189001092, 4.974218817019356), (52.33123365293092, 4.974619890748304), (52.33104219445249, 4.97793208315517), (52.330973841010234, 4.980049267964679), (52.330797795369726, 4.980271052897418), (52.33073418535729, 4.981530014303384), (52.33066141064752, 4.983553280056761), (52.33035260333272, 4.984814798449868), (52.32902686733637, 4.987015970154376), (52.32776993867261, 4.989254692785052), (52.32629069632649, 4.990703002171832), (52.32381927120489, 4.991961796615314), (52.324733395014164, 4.996203040520912)]"
Duivendrecht,52.332304,4.940402,"[(52.333236146394576, 4.954517490917558), (52.33787922367074, 4.950679249817247), (52.33858883567178, 4.94997382884633), (52.33772025591073, 4.946631796413774), (52.33983923280345, 4.944987602287645), (52.340934735176184, 4.944154776388521), (52.34112195930591, 4.943620346242303), (52.341138756180314, 4.943386323505754), (52.342236684375735, 4.9422758889735885), (52.33975237805097, 4.938274033123369), (52.34302979763427, 4.932641394192094), (52.33975893313259, 4.927078492695207), (52.338980510398, 4.929346300417299), (52.33712698974006, 4.923460192734117), (52.332029817110566, 4.92825330024373), (52.32851553993993, 4.918640263134355), (52.32785986031051, 4.914305813366289), (52.32523704461013, 4.911473400646562), (52.320122106747235, 4.905465252453203), (52.31959746430306, 4.907675392681474), (52.318810488974, 4.909456379467363), (52.3177874001231, 4.909327633434648), (52.31639701069537, 4.9061948133052535), (52.31105803410498, 4.902632839733476), (52.31032994194474, 4.906688339763994), (52.31390141445145, 4.911548502498979), (52.314349058037, 4.922046668583269), (52.31007412293731, 4.926536686474199), (52.31065135347388, 4.928038723522539), (52.3098117429324, 4.929347641521806), (52.31261912827991, 4.935967333370561), (52.31378663331562, 4.9349856448711105), (52.314443341365156, 4.936348542326803), (52.31540788926755, 4.938692960643882), (52.315845782158334, 4.938613877387459), (52.31644107588905, 4.938191471377129), (52.31723311464452, 4.9403117995129175), (52.317651263170035, 4.940879442950452), (52.319276117734404, 4.939773387962694), (52.319641731249654, 4.940224669629449), (52.31594856799665, 4.943271994346494), (52.316203533232766, 4.94430229788434), (52.32080413262567, 4.940291054302568), (52.32227307573751, 4.944518215710039), (52.32072543786846, 4.945837862545366), (52.321807478512056, 4.948858029896135), (52.32332229096146, 4.947672493511552), (52.32431902237941, 4.950354702526445), (52.327099259765504, 4.948251850658769), (52.32872535536887, 4.951685078197832), (52.33179379231542, 4.948423512035722)]"
Amstelveen,52.301709,4.881835,"[(52.31597273812914, 4.833445958780871), (52.31678563280266, 4.832664252013714), (52.31720464378744, 4.831787483987213), (52.317255650876234, 4.830892254818977), (52.31638847113302, 4.831198655289413), (52.315783620560154, 4.831075902317465), (52.31472838515735, 4.831271535937489), (52.31434940839269, 4.8163849406287085), (52.3114662912423, 4.816652490977944), (52.31157697885924, 4.816157623414696), (52.31014539765436, 4.814867480878533), (52.3099732112288, 4.8140064917847525), (52.308562077238996, 4.812824978713692), (52.30730833591863, 4.811300142888726), (52.30588809684349, 4.809320672635735), (52.30414799587222, 4.80357806313485), (52.30162464597701, 4.798003091697396), (52.29957354943006, 4.794831379537285), (52.29735586355149, 4.794166191701592), (52.29526930029626, 4.794187649373711), (52.29440971263018, 4.793865784291924), (52.2932876303467, 4.794788464193047), (52.292529716579736, 4.795383914594353), (52.27735497367041, 4.811073160950841), (52.27682920891243, 4.810797899250687), (52.26952775749779, 4.836511566524209), (52.264441264872886, 4.8340995900675665), (52.26177077654297, 4.854475661401452), (52.24787113463569, 4.850188150291146), (52.24721302872217, 4.855983733420075), (52.24763969020343, 4.857218052481116), (52.24811576649567, 4.859637656469644), (52.24982514978151, 4.863594040495158), (52.25132428585472, 4.866177133505047), (52.251844734314226, 4.868502734449507), (52.25346859175518, 4.869884197820724), (52.25172963837523, 4.871952306699754), (52.25105186578995, 4.872619537624345), (52.25079445355792, 4.873544260614366), (52.2524155336634, 4.876743496849016), (52.25304214988736, 4.877956876868197), (52.25377384250516, 4.881144362722338), (52.25654037346189, 4.882096672651173), (52.25871163190377, 4.888409314431996), (52.25822113049843, 4.892080619453267), (52.26424484151041, 4.90244671817571), (52.255115498292724, 4.913400283536689), (52.256705421029345, 4.91623173757624), (52.258044913451194, 4.91790850063488), (52.25916104523415, 4.918356461463631), (52.260382218516796, 4.9179461154076165), (52.26198394681175, 4.917640407426447), (52.26258751821096, 4.921111249738246), (52.2636113306413, 4.923552123788326), (52.266130534312644, 4.9238742442562256), (52.26738677031777, 4.9248618079459305), (52.268480979511985, 4.929154363914208), (52.27850331552432, 4.925936734640786), (52.277973764632556, 4.933340142294114), (52.27931257266186, 4.941034090776597), (52.27991618410537, 4.94374985932744), (52.280703299072506, 4.947293121282641), (52.28028210810392, 4.95146140178484), (52.28370825952411, 4.948825133580144), (52.28477144646338, 4.95236867494576), (52.28595267405371, 4.951044350206288), (52.28558486558279, 4.941700907026174), (52.28666065058061, 4.941360330327811), (52.2870180539955, 4.942118086297782), (52.28776922339599, 4.942940215284111), (52.28831037399327, 4.94324736013958), (52.28887776847264, 4.9434686743065726), (52.29134524528593, 4.942465528135003), (52.2938650797504, 4.94077573645562), (52.296456127221944, 4.94130882549733), (52.29776471672748, 4.942111811821164), (52.29854837560413, 4.943172290210427), (52.29889529708351, 4.940722762827576), (52.299213101018076, 4.938682607595624), (52.29892728261497, 4.936556621675194), (52.31409074310221, 4.9210507713601), (52.31364145716613, 4.911638899926842), (52.30991417572872, 4.906911506538094), (52.31077920191745, 4.90180122781247), (52.31620326870761, 4.9053301766857516), (52.317918199693636, 4.908682518859209), (52.31881985679929, 4.908902040903271), (52.32161673170002, 4.900087882985176), (52.3218379021928, 4.896704988774658), (52.324063749768676, 4.894990229501204), (52.32385018524882, 4.890142650098355), (52.328620016848376, 4.889972843217478), (52.32848139360955, 4.888138675875311), (52.327975589107155, 4.887076984729433), (52.327934384804344, 4.879288776998223), (52.332051884822114, 4.879342421178521), (52.33203877237307, 4.8689622722908865), (52.330655387162174, 4.868900581483544), (52.330688169302675, 4.862358673696221), (52.32775734993634, 4.8623962246224295), (52.327737679351806, 4.856833323125542), (52.32470092795605, 4.856905072216691), (52.32627752382754, 4.851361952011288), (52.32565090848901, 4.84571154344529), (52.325066496649754, 4.84524685073346), (52.324710559008594, 4.843285317753256), (52.3228145331954, 4.843077027459444), (52.32162667081931, 4.844263485853375), (52.3205310487898, 4.84400645479262), (52.320125979416, 4.843411119642482), (52.31962651977079, 4.841232065797598), (52.31817008058955, 4.840829184382969), (52.31702840020122, 4.8393963347066205), (52.31566212232759, 4.839415592129157), (52.31566002311036, 4.834456669620053)]"
Aalsmeer,52.259282,4.764434,"[(52.29421040789491, 4.793672959115618), (52.290397819943536, 4.797253218442306), (52.28562670119919, 4.802008611789685), (52.28205130675488, 4.805832066482618), (52.27738267736027, 4.810536202640625), (52.27654571817083, 4.8104923703881575), (52.273319174647135, 4.822250257801217), (52.26588377280134, 4.816574429463092), (52.26335639600417, 4.825419662830801), (52.25643876850661, 4.820864579960107), (52.25826570655111, 4.812913128513192), (52.25750637276009, 4.809198183382994), (52.260046190694794, 4.798850049714396), (52.2552404710106, 4.795189233229804), (52.25307361088372, 4.804096982308521), (52.24887194783796, 4.800675015366513), (52.24929634737705, 4.799495906921951), (52.24741261347147, 4.798253488982982), (52.249478078175294, 4.790790473173443), (52.24488576405212, 4.7877090765641706), (52.24441534261707, 4.789718512665164), (52.24257191641444, 4.789549995046025), (52.24285150009562, 4.786676513177297), (52.23881844584556, 4.784566624864075), (52.23927987286324, 4.781698681581177), (52.23074114987658, 4.777765239473348), (52.229790972109406, 4.784498285206422), (52.22884077400549, 4.784836944647992), (52.229016954651996, 4.78182354392668), (52.22893027545926, 4.780591129991256), (52.2283967311149, 4.779573292776984), (52.22756370533104, 4.7761456740835095), (52.22533741546962, 4.775014026306783), (52.22464891941764, 4.774139870595526), (52.217925906065936, 4.760635070419301), (52.21814360504852, 4.752966757059522), (52.21510094443358, 4.747787533665564), (52.21542383333846, 4.743466617156331), (52.222820134782076, 4.735643063747057), (52.22553852618427, 4.7415958904152955), (52.22930819434494, 4.73690571171244), (52.23337730273252, 4.732331872861377), (52.23499120060178, 4.732104889959263), (52.2355537694388, 4.7390876848892205), (52.235101973478116, 4.744813528655385), (52.25080915840175, 4.718649331434834), (52.24899284646227, 4.711146227575536), (52.24581012937143, 4.703299800962331), (52.25420391159543, 4.711567872585722), (52.2556534884309, 4.712915765711596), (52.25798068413622, 4.718310400140724), (52.25943318435039, 4.721050632699546), (52.261253374420185, 4.723361711815945), (52.263201771897435, 4.7249241816630105), (52.26536019960324, 4.729319064229802), (52.26686256327259, 4.7344373030803455), (52.26798140764848, 4.7391851050617895), (52.27015069942299, 4.743847076354717), (52.27199428841733, 4.745403341633483), (52.27386140197476, 4.750129685942808), (52.274144353960274, 4.753585785264738), (52.27474241157344, 4.757041884586708), (52.277178518366156, 4.765390333151842), (52.28071722840694, 4.773223797586077), (52.28258131689376, 4.777550363963163), (52.28607298993461, 4.78410852824064), (52.29011563602015, 4.790022962354543)]"
Uithoorn,52.242074,4.816171,"[(52.256041181654766, 4.82096749908417), (52.25776839640445, 4.8146374858090235), (52.25795720382439, 4.812926236457522), (52.25735794271853, 4.809927526778872), (52.257284060651656, 4.809031668967898), (52.25984769641141, 4.798927787608798), (52.25530048637694, 4.7954791373678995), (52.253249964296195, 4.804512649691994), (52.248679754922925, 4.800901558167632), (52.24903248082906, 4.7995451147773815), (52.24721197501791, 4.798351908951397), (52.249244475524016, 4.790931766304518), (52.24490060144965, 4.787908340488891), (52.24446280725724, 4.78982985512014), (52.24245704172102, 4.789674813485569), (52.24277020535072, 4.7867178096687235), (52.23845935177054, 4.784895985006394), (52.23885328386008, 4.782294761628898), (52.2338859282126, 4.779899808662074), (52.230771140888756, 4.778620654645445), (52.22989031648408, 4.784774161492558), (52.22902275330545, 4.78495412918003), (52.22699208429474, 4.794612158211273), (52.2272910825309, 4.801501109250332), (52.22832610264137, 4.805128494127282), (52.227033664070134, 4.81124704643785), (52.22847504322347, 4.817537260125371), (52.23109481482672, 4.829516872681077), (52.23606885579237, 4.839522709347173), (52.23529679134888, 4.841006569452682), (52.23575178454971, 4.8430359598325845), (52.23687285222274, 4.84319234813777), (52.23780130731551, 4.846446277763996), (52.240052563176675, 4.847129105003867), (52.238939984003835, 4.850901837028894), (52.239531158020064, 4.851859097519289), (52.24186974401603, 4.851542020599688), (52.242026919716494, 4.85485607843041), (52.24686086401901, 4.855991030029352), (52.247699692285096, 4.849334541625674), (52.26163632536323, 4.854098144836123), (52.26286098976383, 4.844270531005557), (52.26452391824206, 4.833412948913272), (52.26513621479562, 4.834142509765322), (52.269384302265024, 4.836138073272402), (52.27326927163718, 4.822410527534182), (52.2659077292443, 4.816692057914431), (52.26341749498343, 4.825629178352053)]"
Driemond,52.306985,5.019353,"[(52.332074439833214, 5.014885049230777), (52.33228423838214, 5.005357842809879), (52.328192987183115, 5.005937199957096), (52.32299970034023, 5.005143266088687), (52.321412741101085, 5.003362279302799), (52.318592797076526, 4.999950509435855), (52.324580045332524, 4.995937924749576), (52.32373414154823, 4.992011170751773), (52.32090778758887, 4.994221310980045), (52.31955356563039, 4.9952029994794955), (52.31823865187031, 4.996313434011661), (52.31715652395812, 4.997182469732486), (52.316687593645405, 4.997257571584903), (52.31477574941009, 4.996882062322818), (52.31447076490444, 4.99684987581464), (52.31356235774214, 4.997633080846988), (52.311273220188276, 5.00132380045148), (52.31075503221824, 5.00258980310651), (52.309839989280704, 5.0076645425626864), (52.308767495524904, 5.009649377233707), (52.30793440905065, 5.010679345495426), (52.30615666817051, 5.005744080908023), (52.30181369469378, 5.009091477758609), (52.30365721432092, 5.011966805822574), (52.303791702962336, 5.014219861395084), (52.3029929656495, 5.018007140524112), (52.30298148472064, 5.0210219434568515), (52.31993065338988, 5.018179894634609), (52.32776023656278, 5.016553929604832)]"
