lats,lons
52.3146432,4.8164591
52.3148789,4.8310355
52.3157707,4.8306992
52.3162691,4.8308744
52.3173971,4.8305346
52.3174232,4.831872
52.3169575,4.8329466
52.3162885,4.8334741
52.3158589,4.8346015
52.315986,4.8366134
52.3159085,4.8380967
52.3157655,4.8390222
52.3160028,4.8389579
52.3161877,4.8386576
52.3165949,4.8389232
52.3171858,4.8390708
52.3178947,4.8400821
52.3185573,4.8406889
52.319587,4.840708
52.3199608,4.841297
52.32001,4.8420957
52.3202773,4.8434177
52.3206429,4.8438707
52.3216465,4.8440223
52.3228531,4.8429181
52.32484,4.8431277
52.3251974,4.8450779
52.3257121,4.8456226
52.3263807,4.8513391
52.324833,4.8567229
52.3278098,4.8566808
52.32780975890362,4.862314230688467
52.330809417973605,4.862250301852402
52.330778238491476,4.868864861376951
52.339219852115754,4.868670715344221
52.339380503804385,4.864057328836049
52.33961976530962,4.863161452114881
52.3396493,4.8624051
52.3396689,4.8609674
52.3412323,4.8631024
52.3429431,4.8654681
52.3434969,4.866187
52.3439721,4.8680323
52.3463841,4.8671418
52.3465086,4.8682201
52.3485797,4.867394
52.35055892089767,4.866675144180306
52.35044094906048,4.864422093917828
52.35211859350441,4.870644766934213
52.357295304964424,4.8668682748687875
52.36013902064443,4.864754688360615
52.35946418250406,4.861900842327884
52.362137355294195,4.860173471163938
52.3617114682223,4.857995494967664
52.36192110576366,4.857748709262073
52.3636180515442,4.859132788360605
52.364168372040844,4.858413944180304
52.36429936592818,4.857502026983629
52.3634804,4.8532104
52.365701351235266,4.853103157672103
52.367136106149566,4.852395100000009
52.366749559753394,4.849766509786995
52.3653869589936,4.850324382803337
52.36428626013614,4.850463869311521
52.3642535,4.8474813
52.3653411,4.8471594
52.36524929480057,4.84815715952454
52.3657996806012,4.848618526983657
52.366382653405616,4.847373973016373
52.36716229390873,4.847245230688495
52.367254,4.8476958
52.36767974905911,4.84809283254088
52.36866898585285,4.847491951589964
52.36885566283052,4.847620732540907
52.369101295633996,4.8480177343932995
52.36956645868292,4.847770932540905
52.36936995625606,4.845689525131238
52.369382960441534,4.842234859524535
52.36944083961623,4.839284384902953
52.37003042197021,4.834338442327897
52.365791963493514,4.833802000000018
52.365696956189296,4.826989184655748
52.3640493,4.8269892
52.3640067,4.8239368
52.365032,4.8206431
52.3601838,4.8135299
52.3597088,4.814753
52.3584446,4.8155282
52.3586053,4.81656220000001
52.358891056120825,4.817233487565624
52.35815465501903,4.818698708999647
52.35649154740007,4.818846342327889
52.3562917,4.818203
52.3557871,4.8183755
52.3539196,4.8093888
52.351266571155584,4.810946149783337
52.349013161131985,4.7998649306884955
52.3488612,4.7993694
52.3484786,4.7983354
52.3479756386788,4.797640730688477
52.34665829999999,4.800151313491807
52.34356460037224,4.798638526983625
52.3434942,4.7989537
52.34292889013648,4.801068613491806
52.34140814203026,4.801073982803361
52.341360664535415,4.801360984655765
52.3367753,4.801892
52.33469551612812,4.7990784251312135
52.33019139154556,4.809957426983624
52.327863817938415,4.81580467116395
52.32672291590924,4.817607136770641
52.32604100049276,4.818282996295187
52.324860670850214,4.81887314047547
52.32363444252935,4.819055511639401
52.314649758803135,4.8162552521148605
52.3146432,4.8164591
,
52.33922519769375,4.986885133955261
52.34140043314746,4.98351158556678
52.342022626262725,4.985472615632793
52.34286842999256,4.987686716310313
52.34234575835493,4.9900856012819395
52.341927956816455,4.990939533860987
52.341144780932424,4.993334044526896
52.340866953189966,4.996416950422904
52.342254051702675,4.999124347056827
52.34995919863558,4.984783623192093
52.35307807541834,4.991057645354053
52.34988961811062,4.997477680269262
52.350841387251606,4.998686769801757
52.35383368565903,4.993218793358287
52.358005224907686,4.999230671498558
52.35858787062452,4.997994508418819
52.369165020092666,5.002901777449629
52.36932374685128,5.01892738958039
52.3602250552642,5.042704879130802
52.348031178526675,5.0399606859419555
52.34096228103846,5.037739816877624
52.33665222244832,5.021893326017639
52.333820957275606,5.017395261499664
52.33366443342199,5.015729609701416
52.33277444956861,5.0136428510878295
52.332676107712615,5.0076400673125
52.33339072022111,5.002323929044983
52.33485924546321,4.996026102278015
52.33689805457684,4.991241041395447
52.33922519769375,4.986885133955261
,
52.30156175117533,5.008648123278121
52.30135344712791,5.007993664278487
52.298337029085246,5.005408014788131
52.29836655456424,5.004270758165816
52.29742501015024,5.003605570330123
52.296063508088864,5.003627028002242
52.29565668971293,5.002167906298141
52.29276948420089,5.002039160265426
52.28901583566792,4.997790541185836
52.289618565420845,4.989694460912446
52.29032628560205,4.983658317162494
52.289590264581605,4.983072422130803
52.28801420742124,4.979224960937003
52.284702356413085,4.972890253796081
52.28304633807132,4.970259342028598
52.281075197665864,4.969173382653693
52.279548272760856,4.966786887182693
52.280949665255065,4.966081466211776
52.28037040651773,4.965750213398437
52.28005369811408,4.962414886488418
52.278133707526116,4.9614948887963095
52.27833883869448,4.959109063877563
52.27867525175516,4.956937815680007
52.27824529899947,4.954226102365951
52.278225606406934,4.9522359032769
52.27908007225704,4.94657560406516
52.278307197273726,4.943878726719717
52.27821699089505,4.942812632455329
52.27912735406588,4.940749343170623
52.28055419481252,4.947330142988662
52.27995523908174,4.952166165842513
52.283929528208446,4.9505085606713095
52.284736813407775,4.952858175768355
52.28653756428251,4.951258238090972
52.28611876292265,4.947454195155601
52.28604123706529,4.941804792417983
52.28643337704674,4.941598262323836
52.28741084057418,4.9431237687010565
52.28820452673418,4.943640764488677
52.289818106332554,4.943730618490676
52.29158173820849,4.942655052675704
52.293684879960445,4.94125493956993
52.29563700485811,4.941700186266402
52.29666716717963,4.942172255053023
52.29867493061285,4.943459715380172
52.29956724069949,4.937794889940719
52.30994558561091,4.926915850176314
52.310450664208666,4.927870716585616
52.309548734098435,4.929249372019271
52.312634898805605,4.936335768236617
52.31380896235304,4.9351770539421835
52.315225667963915,4.939135994448165
52.316423437503495,4.938419844641189
52.31710019165518,4.940424795879821
52.31743005943825,4.940926033689479
52.317564992996026,4.941083529650072
52.317699926142346,4.941069364233712
52.31794355795045,4.940912287368278
52.31930305517582,4.940008047654132
52.31936402509115,4.940198149218062
52.317665443551,4.941678728594283
52.31578479508226,4.943229045404891
52.3161471581519,4.944650616182784
52.318433584301424,4.942555810942153
52.3207723555195,4.94050392104576
52.32214170484549,4.944466884865264
52.32060984237794,4.945815365447501
52.32181125739457,4.949053797556857
52.32313328854564,4.947947889252404
52.324140526302244,4.950790192617873
52.327004786183565,4.9486484487194815
52.32869911618477,4.952148060931663
52.331698099457064,4.9489850659508505
52.333130622562344,4.954848374857406
52.33142109592942,4.95662131501625
52.332061151749954,4.9588596184391776
52.32905584132081,4.973757948412398
52.32993934345992,4.974444593920211
52.331065414299836,4.974809374346236
52.33094494084138,4.977377589477996
52.33071792533749,4.98020061446617
52.33057368383442,4.983309294714431
52.330340929508075,4.984653081430892
52.329488579267256,4.9861390252251425
52.327823170634076,4.9890358109612265
52.32626507163868,4.990574057831267
52.323703637628,4.991886999144057
52.32218064112682,4.993107404245833
52.32073382786778,4.994237955345611
52.31916892106637,4.995432879461745
52.317056332069214,4.997019406094054
52.31668823775592,4.997060980333785
52.31500431070143,4.99681689931343
52.31427136430829,4.996368970407943
52.31049985986796,5.0025702376503745
52.30957005265854,5.007717396749953
52.307958012574254,5.010203804506759
52.30625571324084,5.00517734481285
52.30156175117533,5.008648123278121
,
52.35914480603881,4.865522218702498
52.35980657399119,4.8686872253400715
52.36090731457316,4.86797912216014
52.36391106595566,4.8797559776291255
52.36333606127307,4.881535261152763
52.36671152996842,4.888260538099902
52.36545982785893,4.890538967131706
52.36477151192583,4.895982402801082
52.361600106570684,4.896104335784912
52.36274096690501,4.902737653731437
52.35914437881879,4.904471809385913
52.358204340715446,4.8992073574051265
52.35670229657074,4.899745502470316
52.353070492696375,4.902579618452254
52.352139941613686,4.903008771894637
52.35161895551627,4.899065924642745
52.35181883141179,4.898009134290877
52.351340438417026,4.894586635587874
52.35030499475212,4.894468618391219
52.348168496359534,4.895165992735091
52.34711987041401,4.895026517866317
52.34716574831949,4.8934815654737385
52.3428988994321,4.893824888227645
52.33751723250112,4.893288446424666
52.339562474193244,4.8866902122480305
52.33977879230219,4.882151914594832
52.339732906731214,4.877163005827132
52.339398596133464,4.87720592117137
52.33936582044868,4.88120241260356
52.339326489594846,4.882857335565749
52.33906428300842,4.884501529691878
52.33486876617574,4.8845417628271015
52.334888433589384,4.883535934446517
52.33307899492248,4.882586432455245
52.3330888290284,4.885951598940554
52.32806331601714,4.886065928099814
52.32798135575703,4.879410361705485
52.3321545792087,4.879449589012328
52.33211524194133,4.868925941942397
52.339260938093894,4.8686872253400715
52.33940351248408,4.864076508043471
52.339650968092975,4.863135052679244
52.339687021112454,4.861016107557479
52.343419988305314,4.866192770956221
52.34392796211304,4.868107868192855
52.34634649284222,4.8672388324720295
52.34647102065319,4.868322444914046
52.350599902063685,4.8667131195051105
52.35045572540162,4.864556623457137
52.352120281872395,4.870704246519271
52.35914480603881,4.865522218702498
,
52.389418730289414,4.895380569456282
52.388423466062214,4.891024662016097
52.38286725314672,4.890536499975386
52.38055571008899,4.888333400545779
52.379626044773225,4.889851363210145
52.378801148680665,4.893965704200927
52.374786352501474,4.889511393217507
52.37234523024756,4.8884652164505304
52.36857417890608,4.887858921961996
52.367331561290506,4.889527140718091
52.36337008648108,4.881517949348453
52.36395345560513,4.879727769972195
52.36091207657059,4.867938776393093
52.35983478196278,4.868618687565576
52.35917680402458,4.865489861936911
52.36016341294134,4.86477502442165
52.359490599970236,4.861937132032725
52.36217445805109,4.860209558924797
52.361759251247996,4.858036739120397
52.36192715409603,4.857827296314898
52.3636256997487,4.85917866865373
52.36419445827528,4.858438263714451
52.364317713809285,4.8575047397260995
52.36390302778672,4.855283841848976
52.36352109567442,4.853245334184866
52.36571386982132,4.853170203519657
52.367159725338404,4.852408427346635
52.366753074510584,4.849710117874455
52.3653625254209,4.8502981913005705
52.3643388145473,4.850403467104005
52.36429908126121,4.847549093572869
52.365296420995904,4.8472324671242895
52.36521933705491,4.848171114494679
52.36577270664834,4.848696575891953
52.366057471666366,4.848192069027508
52.3664470529602,4.847387154753395
52.367108286928286,4.8473008209256285
52.36720485373211,4.84773869064691
52.36766545416799,4.848164658740988
52.3686566675065,4.847528472065168
52.368850704065295,4.847629389729153
52.36910120949752,4.848067259450435
52.36962841871769,4.847827199942802
52.36941176087523,4.84569751878178
52.36943092714094,4.84223746194937
52.37293188487226,4.84214894545028
52.37529946228468,4.842897278163836
52.375200243564386,4.846191016427728
52.37261905093742,4.847816427887555
52.37295116734851,4.8500372681390935
52.37570772704263,4.848599589700715
52.37627730883406,4.851735088437525
52.37664384577445,4.854892044846455
52.37440988588015,4.855519674552742
52.374748038201766,4.858459145130727
52.37708506651278,4.8578045708799245
52.377673300140486,4.863673128953341
52.379243920814176,4.863136571899194
52.379813089046976,4.868264897910084
52.37610581369886,4.869584515932619
52.37581077116522,4.87001364056221
52.37968560124486,4.873543197123471
52.38115591454068,4.873864140195909
52.38511296146388,4.880343896171215
52.38498365682615,4.881330488084021
52.3856255975477,4.881552105603877
52.385534126169446,4.8828680644018085
52.39025191943315,4.88533569669551
52.39102616558063,4.884775115011397
52.39288888396542,4.885359836576644
52.393438845539094,4.885054064748946
52.39401171489109,4.886379076002303
52.39387750045276,4.887891841886702
52.39461976665374,4.892391247509185
52.389418730289414,4.895380569456282
,
52.41816156389476,4.861921862123109
52.416172309412424,4.857716158387757
52.40491903148824,4.8791947699420835
52.40077563160329,4.885186652135696
52.399913198090374,4.883895110913166
52.39789613836168,4.887539476039322
52.39462935614839,4.892398881849225
52.38356461356772,4.898710827365043
52.38302272947702,4.9002436522351545
52.38131355334206,4.901750823374007
52.3847782657051,4.9098921673229245
52.3870427887366,4.9146753855852365
52.390459581695666,4.9191581964378805
52.396488080893015,4.922219273069812
52.398699280208184,4.920625580259892
52.399449706817244,4.922350010328911
52.403129411113916,4.924101262488119
52.40478240000205,4.9168583768378005
52.40682499904088,4.919039852355667
52.407627710116394,4.9172980956734635
52.4059566087209,4.9151117684407675
52.407024655594896,4.912785966339297
52.40732106304754,4.912998536997453
52.408095252180836,4.911199450894399
52.41014898450854,4.912964389175842
52.41183286462915,4.910464615123646
52.415813614464135,4.912149087134683
52.417368952448214,4.905931905636818
52.42031588582394,4.907471851608758
52.422147830942826,4.903251584512929
52.4236950963932,4.9011556269568946
52.424800599156264,4.89586937056675
52.425330347741394,4.890626029520804
52.42537922753888,4.887206590604984
52.425469091148045,4.884992615852295
52.42537576825667,4.8827786410996055
52.42594457564451,4.882033742149883
52.42560136540856,4.879915473861267
52.42569145347405,4.878405728602457
52.42589339859197,4.876399696352625
52.42816265329543,4.872848711710174
52.43063862078227,4.870035594640125
52.430284195695634,4.868530925629777
52.42591670653191,4.86778000759962
52.42110968561145,4.861793518066406
52.41816156389476,4.861921862123109
,
52.38840421744508,4.891056506103664
52.38940602982581,4.895388273662715
52.38353601867786,4.8986645919744065
52.382994324196716,4.900212897128253
52.381247636545396,4.901702193683772
52.384792306817644,4.910020394391208
52.387059044968666,4.914764300129204
52.390478052337535,4.919293629146009
52.39654277347567,4.922429969674735
52.396746930989636,4.922725672741248
52.39651056440664,4.923058486684053
52.395218103364996,4.92371382578352
52.39098038288696,4.924848358287304
52.39139640841047,4.928866747441529
52.39149815551456,4.932418432227164
52.38790046997615,4.930589605728923
52.38580514423572,4.944332013629205
52.3834641144325,4.9437815452351375
52.38307448737623,4.9516548620253475
52.38401422621471,4.954303235654547
52.383729381114684,4.9575953394473204
52.382540817670275,4.959814559634137
52.37760608471151,4.954201729497467
52.376011276535465,4.954489759193561
52.37578206901797,4.934509368695612
52.37703308438072,4.927146089403718
52.374301582138386,4.925820752696777
52.373679725139056,4.9288948791631215
52.37290065565233,4.931282360121654
52.37153859341756,4.932446753769395
52.36890566009783,4.928096525682517
52.368486803064684,4.928890774486203
52.36813325406263,4.92894457613414
52.367753350925504,4.928164092677716
52.36728828161045,4.927705474303079
52.36724252298597,4.925640252095431
52.36708698551185,4.925538367519775
52.36740639623329,4.924717650928128
52.36735408674189,4.923848693941122
52.36864153424509,4.919948919501107
52.367279340668254,4.9184847483142535
52.366283450475635,4.9202575257463055
52.3660266079433,4.921187013651829
52.365580451503526,4.921582020170203
52.364715340921926,4.920202384528634
52.36426950800406,4.919305546509745
52.363901951908694,4.918324579803479
52.36338370670797,4.916614052245163
52.36284512690762,4.914512643963858
52.36174859906922,4.914996057132552
52.361396957854346,4.9134404528471665
52.36129428629717,4.911723916020887
52.360909881752384,4.911096356054654
52.36064506681359,4.910258184973313
52.360642330463186,4.909398556219853
52.36075479334833,4.9088272841713065
52.36048150811269,4.9077007948566775
52.359670949875756,4.906563576705989
52.35917022975398,4.904503717125803
52.36276824252651,4.902770361486941
52.36162218526479,4.896136934285491
52.36479589975943,4.896020578684497
52.36548503213433,4.890579959020269
52.3667244481642,4.888315074829674
52.36733867040079,4.88961959370084
52.36857521529815,4.887920038475326
52.37229388653744,4.888482202586428
52.37474813342838,4.889527164320211
52.37882423817915,4.894046136619292
52.379630922871236,4.889932694149448
52.380542377490954,4.888394172333901
52.382838997654716,4.890565661853938
52.38840421744508,4.891056506103664
,
52.38480037919145,4.827157100377795
52.38172896940387,4.827254162816521
52.38151480077001,4.827199009893652
52.38064399452667,4.82682852977347
52.3789575900078,4.837466841278788
52.37363803534724,4.835433056293246
52.3729203888115,4.842101027904269
52.37116081590205,4.841983010707613
52.36939462220753,4.842122485576388
52.3694904259023,4.839227040944811
52.37008407664264,4.834293117461916
52.3658079754269,4.8337647222859825
52.365712163745606,4.826966663537737
52.364073506158604,4.826938500343081
52.36403911089535,4.8239532017095055
52.36508405980008,4.820621898113009
52.360180119908996,4.813449671207186
52.359697722337394,4.814682146249529
52.35842413468296,4.815514972148653
52.358568848440505,4.816552232666131
52.358879006256046,4.817232759384629
52.35814952533175,4.818683457276043
52.35649394979177,4.818795355683383
52.356310204649525,4.818137161498148
52.35580537750385,4.818305087689501
52.353937273981806,4.809349768044617
52.351272591714554,4.810915701388572
52.35025325827975,4.805644107697722
52.34964979223484,4.8025886944441165
52.348967673429975,4.79955473886263
52.348475066770426,4.7982397020740475
52.34798626917383,4.79760095914286
52.347484358302665,4.798399880243656
52.34665092533795,4.800105010805842
52.34354375035885,4.798581589427036
52.343512480358456,4.798789269413524
52.34326088174819,4.7996977721112355
52.342896797614316,4.801024126433608
52.341365963840744,4.801020105084595
52.34129522717151,4.801353657682617
52.3367500253238,4.801817873673704
52.33643836460603,4.801805421308805
52.33470574832844,4.798982013896298
52.33549394383725,4.797377191140972
52.3415246528459,4.791319901420925
52.34219146466356,4.7897419007557485
52.34495658290586,4.783298803819767
52.34864639487863,4.774082009232066
52.35537626501663,4.757053173167938
52.35610972515442,4.7558379170430864
52.35696757097805,4.755088815879267
52.35792068183567,4.754843011330072
52.37139008018769,4.758556922612902
52.372999297750475,4.7585983292145695
52.37592821902051,4.757720869681057
52.378486634947585,4.756252747908425
52.37957791141566,4.75484899915215
52.381212776974856,4.757696970779639
52.38142973707235,4.757751927251652
52.38129528651531,4.758023158435085
52.38126561849722,4.758616254700305
52.38089848136923,4.75918017473929
52.38140523304352,4.760114895768188
52.3774045161602,4.767417180998441
52.378205805575526,4.767627786793005
52.37988007110871,4.767822996079181
52.38396419658631,4.767792899808105
52.38480037919145,4.827157100377795
,
52.40061786321065,4.849172276058531
52.39418262116168,4.863860052624083
52.3971695935985,4.869975489178038
52.400217733737335,4.8681837735560896
52.404895094194224,4.8791701016810896
52.40077967322984,4.885121923485136
52.39991032096277,4.88386732021842
52.39787569661129,4.887505066194868
52.39462735529556,4.8923873571542265
52.393895229483434,4.88789214248333
52.39403140030541,4.886406366327143
52.3934475628671,4.88502171783272
52.39287681211553,4.885316132181621
52.391025847010084,4.884719073690653
52.39025517035831,4.885291458330179
52.38555761378849,4.882831338693214
52.385654303227255,4.881560066292585
52.38500852596283,4.881316032608445
52.38514199996196,4.880320980400135
52.381180478635066,4.873830413273814
52.37971431015987,4.873498576735407
52.37587142454887,4.870002490938865
52.37611032824478,4.869651211393253
52.37985970655755,4.868291421258042
52.37924344091529,4.863056108602328
52.377694873701614,4.863625455596199
52.37711922181683,4.857736761964921
52.37478238170776,4.8583726380232894
52.374451152378406,4.855567432437389
52.37667715743429,4.854924472361168
52.376335659106765,4.851701227212621
52.37574526851998,4.848542355080432
52.37299061976491,4.84998309946183
52.3726688710727,4.847832764112687
52.37523935536714,4.846215790217108
52.37532738288125,4.84279637186352
52.372953861489115,4.842118569263554
52.373645422399655,4.835445065596438
52.37896643440574,4.837486561932898
52.380646340733165,4.826840203800535
52.38151412830144,4.8272056547788145
52.38172944810506,4.827264998653269
52.38479668836865,4.827166092195845
52.38486728827945,4.831908237734175
52.387452599705036,4.831654433706141
52.387513168744825,4.830458168485499
52.38866089541667,4.83043235222373
52.38883502641575,4.844607156315184
52.39001566148757,4.8446755526450636
52.3907892979499,4.844994064965582
52.391878013308535,4.845030945339537
52.39244271883527,4.844982665577269
52.393406793602615,4.844633978405333
52.394199807060744,4.844558876552916
52.39507116429308,4.844666164913511
52.39629602737197,4.84520260671649
52.397475644560494,4.846039455929136
52.40061786321065,4.849172276058531
,
52.34998129292245,4.984747015484188
52.35310068010737,4.991023384579036
52.3545778310579,4.9886583375821925
52.3549756424239,4.989471377590831
52.356513616820415,4.986143086880475
52.35802451372378,4.986094145763955
52.358888838554876,4.984417388518865
52.35816865103993,4.9808782165945376
52.358290579679405,4.978434150653266
52.36087041325677,4.9744050903604276
52.36131423322596,4.968809620002892
52.36549000755657,4.9710222512639435
52.36570762283153,4.970295995379113
52.365588774664865,4.969704879670411
52.36567301505371,4.969194230232157
52.36648852988609,4.968568245806262
52.36726472366409,4.96861817805216
52.368453607810096,4.970229155944725
52.37131944805212,4.964889704037869
52.37204159720894,4.962732280006286
52.373460228728355,4.9553005676333495
52.375887483722515,4.954563648961585
52.37572017557257,4.934456280776072
52.37698069439337,4.927159142845645
52.374366762066735,4.925932996715057
52.373506181570946,4.92973330453669
52.37293379238438,4.931430760490647
52.37154007843933,4.932551159153933
52.3689500779232,4.92826192458665
52.368506635363985,4.928981906530914
52.36813424257009,4.929062947765477
52.36777117029836,4.928384636366787
52.36722277805368,4.927734344421735
52.36721156515494,4.9257322191331365
52.367030779709864,4.92554503946625
52.36736097359625,4.924692671963631
52.36730075010643,4.9238677015153165
52.36859001326695,4.919974283953965
52.36730867977348,4.9185747458123075
52.366412505784666,4.920160218822187
52.36608364072186,4.921307605598857
52.36551892841456,4.921725431523436
52.36427941514172,4.919546879121599
52.363888948683005,4.918639993133693
52.363298327048206,4.916645695895903
52.36276666258686,4.914651398658112
52.36170331447102,4.915115271147252
52.36134005978848,4.913415900560083
52.36123887875674,4.9118238183335095
52.360867243691544,4.911177980925077
52.36060698947446,4.910274651451174
52.36073002574609,4.908899253190651
52.36060408673275,4.908371432978873
52.35559957553285,4.911347920280464
52.35570188936242,4.912111967497239
52.35540902757871,4.91289632245786
52.35514792211422,4.9142487307654825
52.35466401804145,4.915107612614404
52.355911689972196,4.919016166113259
52.35407299075064,4.920339070121718
52.35346160686075,4.920045655716665
52.352411151931705,4.921393753228687
52.3540015976852,4.925230940706569
52.35193540948974,4.928102532939089
52.35024336691743,4.925104973188672
52.34757220567875,4.929233660438355
52.35086416420591,4.935114212527272
52.34904252326585,4.937954815615102
52.348138354222314,4.936332222902111
52.34680185383927,4.938537286194391
52.34779200531328,4.9401522635034345
52.34445947800063,4.945465863302996
52.350381219089,4.95545723562449
52.34855577069376,4.959495685084292
52.349609148203086,4.960377653191879
52.3518486618011,4.960744637168646
52.35360438999038,4.963854084992709
52.35701734941476,4.965953107593961
52.35569795278035,4.973193565491121
52.34998129292245,4.984747015484188
,
52.354628395746424,4.915105104446411
52.35584882632657,4.919002662912821
52.35407381630589,4.920323805236562
52.353458640083815,4.920003435643148
52.352384329913455,4.9213962498660635
52.35393781635065,4.925235238710561
52.35195302532873,4.927999409484314
52.35025075395127,4.925062699380778
52.34752429976854,4.929258909351155
52.35083943672129,4.935113874950505
52.349029623456886,4.937921851108937
52.348142809652714,4.936285110249532
52.34676237299522,4.93852625026538
52.34773358309444,4.9401725332402435
52.344451180283016,4.945434433967142
52.34359376994891,4.943904981468332
52.34260791606013,4.943644510513727
52.3425967510395,4.943004655323575
52.339898092886045,4.938223469414469
52.34313450970333,4.932652830058308
52.33981365761571,4.92706191975067
52.33896926774756,4.929217822438323
52.33716121872379,4.9232949115731195
52.33210989184409,4.927946479540486
52.328980801724846,4.918459815022582
52.32845459926263,4.914112262977213
52.32026278670152,4.905245188741749
52.32152595899973,4.901241113834152
52.321889290006474,4.896718354670728
52.32416044427282,4.895152808138157
52.32398699513197,4.891813035519057
52.32463636031775,4.891301685468035
52.32861453783192,4.8910311574489285
52.328635362635524,4.888262540966135
52.32823655492026,4.886877944335066
52.328081500949985,4.886104314579969
52.33311915497885,4.885963686152426
52.33309523969479,4.882625864579091
52.334861754039984,4.883553045577149
52.33482418987463,4.884578286465375
52.33788741897474,4.884498457239466
52.33852208800298,4.884478499932978
52.3391043065284,4.884544373315007
52.33933243331951,4.882847969885917
52.3394032360012,4.881237397145344
52.339413738573036,4.877243775467868
52.33972316845241,4.877238786141236
52.33974417344153,4.882126146057768
52.339534553866464,4.886650225913947
52.33747974122214,4.893314107196014
52.34288284694675,4.8938780081337185
52.347118923986564,4.89353420609536
52.34707263238401,4.89507336993622
52.348143991069826,4.895231408201255
52.35024598124178,4.894505764629304
52.351305898028414,4.894649156778219
52.35178098256173,4.898003889395559
52.35158928206187,4.899053618794724
52.352118443977886,4.903043049274212
52.35304920019105,4.902629989085918
52.35483181506028,4.9012727913243825
52.35669626523313,4.899770754276043
52.35818060208529,4.899234312473064
52.35915654650934,4.904562601297262
52.35965480221585,4.906605930432795
52.36045384249968,4.907691492926931
52.36058425753518,4.908317665522626
52.35786384640918,4.90993479114004
52.355554572667806,4.911322102148352
52.35565664655244,4.912087140665209
52.35536278606898,4.912855470338693
52.35510925357771,4.914220468308668
52.354628395746424,4.915105104446411
,
52.42132864869538,4.953834191536721
52.421125078172224,4.950943169515063
52.42005491377978,4.947995621455874
52.41950818674689,4.943846443758053
52.415555147908876,4.940366234165063
52.41316077604442,4.932840454784824
52.412674481148194,4.930222892170324
52.414153207949276,4.92581605693184
52.41649566201419,4.92031488041532
52.420293610820444,4.90753690501438
52.417374770060015,4.90602420747595
52.415816365526226,4.912188619974165
52.41184357310619,4.9105189910868585
52.41016110622421,4.913028243844795
52.40810461169583,4.9112706191615185
52.40733455717671,4.913051954820817
52.407031338754706,4.9128268237002715
52.40597869229762,4.915106875799675
52.407655899086286,4.917305429381704
52.40684434157421,4.919084700547227
52.404795730474255,4.916908680004393
52.403147979253525,4.9241463734626745
52.399435650609256,4.922365933444857
52.3986918753526,4.9206927817876345
52.39735658759606,4.921912691752639
52.396487618967775,4.923115414927413
52.395242190769935,4.9237334165369795
52.391005330363605,4.924861072280202
52.39142230883242,4.9288715387359705
52.39152500905498,4.932452851749316
52.38792654889706,4.9306552421517
52.38669350454157,4.938319544526815
52.38584859184249,4.944379631720195
52.38349731474119,4.943834415138673
52.383121679590666,4.951726469569482
52.38407004201453,4.954323345650415
52.38376107914862,4.95764978258336
52.38254066720212,4.959903833664825
52.37769246299994,4.954248889394295
52.37352976052437,4.955396544632018
52.372059900516554,4.962870526792624
52.371332158628434,4.965120239714778
52.37022447367062,4.967284121948454
52.368559291968126,4.970506816301672
52.36724715727612,4.968752732493229
52.366493459697224,4.968664233076954
52.36570044186738,4.969316023348789
52.36564279300118,4.969694228301105
52.365768578735164,4.970276281138553
52.36547639721991,4.971290183108614
52.361383007885586,4.968951512547046
52.36095326803016,4.974466565680542
52.359552637036025,4.976377592695815
52.358345092553144,4.978480660262949
52.35825142682167,4.980819762223394
52.3589644460991,4.98448988695352
52.35808171814418,4.9862099519141845
52.35656691597304,4.986296645400454
52.35497074165839,4.9897517620105125
52.354632679800716,4.9888938865246235
52.3521937625548,4.993143368402007
52.35006928236897,4.99739285027939
52.35086408787741,4.998512100420678
52.353872789621285,4.992989825778351
52.357976325090796,4.999025583500574
52.3585953543233,4.9977718845589925
52.36935601134236,5.0027838258762
52.369632918003134,5.019116559419583
52.3604059756597,5.042959773510525
52.37083023819591,5.048546248994574
52.37647884229252,5.061349983043808
52.389094096062955,5.025058563284448
52.397830405850804,5.028249260224307
52.39780913010225,5.023472664602071
52.40134899337736,5.024532555796242
52.4060814605764,5.040445094205737
52.4102898535882,5.046572934128863
52.412393899532304,5.045860303797438
52.41449784510449,5.047894255497303
52.41736402461099,5.036460665324025
52.414923206195915,5.032975468137777
52.41373873950336,5.024683752396841
52.413398449031085,5.019154371122592
52.411173383189386,5.011221730570998
52.416343240505874,4.999633224351969
52.41397436285817,4.991477945672003
52.41902610765258,4.985354447710866
52.4204918600639,4.989924813631266
52.42436535338911,4.990739968689799
52.4279246355347,4.986104638548117
52.42289980185608,4.973273423584819
52.42258546033157,4.96919693884613
52.42208791658622,4.959112305914082
52.42197000055233,4.956215756659992
52.42374301530662,4.952707545509489
52.42313778234404,4.951382593376641
52.42132864869538,4.953834191536721
,
52.31941383797814,4.999707348400468
52.321512379142455,5.002861626201982
52.32324360068271,5.004470951610918
52.328082792474945,5.00541508918416
52.33265921040701,5.0049001050533
52.334704676768936,4.995716221386308
52.33908375462254,4.986875660473222
52.34139111820832,4.983270771557207
52.341941721270125,4.984086163097734
52.342911814744454,4.987733967357988
52.3426332427833,4.989911921078081
52.341384563368706,4.992948181682939
52.340984716312434,4.996359951549882
52.34225634851283,4.9988061261714645
52.34981328430714,4.984579689556474
52.35565280407823,4.973190066714053
52.35699019593693,4.965984689934864
52.35361527694677,4.963918091074664
52.35229101575456,4.961585065595777
52.351812097925205,4.9607755348373495
52.34959601752143,4.960444081635345
52.348489549856644,4.959515192575754
52.35033334242601,4.955468731900421
52.34359003860496,4.943969787447715
52.342573502256165,4.943663806016163
52.34257827447084,4.942991860256969
52.34227914506004,4.942387666475883
52.34123261467943,4.943427518833223
52.341020698765384,4.9442907677658
52.33795729730994,4.946849172795789
52.33884673122348,4.950237795509738
52.33337402291479,4.954863490099903
52.3317146048793,4.956793173067999
52.33240087240223,4.958891502367795
52.33151675739937,4.962635027737088
52.32926886544899,4.973545415594134
52.32986189001092,4.974218817019356
52.33123365293092,4.974619890748304
52.33104219445249,4.97793208315517
52.330973841010234,4.980049267964679
52.330797795369726,4.980271052897418
52.33073418535729,4.981530014303384
52.33066141064752,4.983553280056761
52.33035260333272,4.984814798449868
52.32902686733637,4.987015970154376
52.32776993867261,4.989254692785052
52.32629069632649,4.990703002171832
52.32381927120489,4.991961796615314
52.324733395014164,4.996203040520912
52.31941383797814,4.999707348400468
,
52.333236146394576,4.954517490917558
52.33787922367074,4.950679249817247
52.33858883567178,4.94997382884633
52.33772025591073,4.946631796413774
52.33983923280345,4.944987602287645
52.34098061950011,4.944251335913057
52.34112195930591,4.943620346242303
52.341210859763876,4.943397052341814
52.342256348512805,4.942318804317827
52.33986381430616,4.938220388943071
52.3430953435481,4.932652123028154
52.339811373750486,4.927142865711565
52.338980510398,4.929346300417299
52.33715976708429,4.923352904373521
52.33208882311258,4.928049452358598
52.32894172648766,4.9184793305934615
52.328390961558114,4.914123423153276
52.320233592465314,4.90529359107625
52.318810488974,4.909456379467363
52.31783986679339,4.9089413953365035
52.31639701069537,4.9061948133052535
52.31105803410498,4.902632839733476
52.31032994194474,4.906688339763994
52.31390141445145,4.911548502498979
52.314349058037,4.922046668583269
52.31007412293731,4.926536686474199
52.31065135347388,4.928038723522539
52.3098117429324,4.929347641521806
52.31261912827991,4.935967333370561
52.31378663331562,4.9349856448711105
52.314443341365156,4.936348542326803
52.31540788926755,4.938692960643882
52.315845782158334,4.938613877387459
52.31644107588905,4.938191471377129
52.31723311464452,4.9403117995129175
52.317651263170035,4.940879442950452
52.319276117734404,4.939773387962694
52.319641731249654,4.940224669629449
52.31594856799665,4.943271994346494
52.316203533232766,4.94430229788434
52.32080413262567,4.940291054302568
52.32227307573751,4.944518215710039
52.32072543786846,4.945837862545366
52.321807478512056,4.948858029896135
52.32332229096146,4.947672493511552
52.32431902237941,4.950354702526445
52.327099259765504,4.948251850658769
52.32872535536887,4.951685078197832
52.33179379231542,4.948423512035722
52.333236146394576,4.954517490917558
,
52.31597273812914,4.833445958780871
52.31678563280266,4.832664252013714
52.31720464378744,4.831787483987213
52.317255650876234,4.830892254818977
52.31638847113302,4.831198655289413
52.315783620560154,4.831075902317465
52.31472838515735,4.831271535937489
52.31434940839269,4.8163849406287085
52.3114662912423,4.816652490977944
52.31157697885924,4.816157623414696
52.31014539765436,4.814867480878533
52.3099732112288,4.8140064917847525
52.308562077238996,4.812824978713692
52.30730833591863,4.811300142888726
52.30588809684349,4.809320672635735
52.30414799587222,4.80357806313485
52.30162464597701,4.798003091697396
52.29957354943006,4.794831379537285
52.29735586355149,4.794166191701592
52.29526930029626,4.794187649373711
52.29440971263018,4.793865784291924
52.2932876303467,4.794788464193047
52.292529716579736,4.795383914594353
52.27735497367041,4.811073160950841
52.27682920891243,4.810797899250687
52.26952775749779,4.836511566524209
52.264441264872886,4.8340995900675665
52.26177077654297,4.854475661401452
52.24787113463569,4.850188150291146
52.24721302872217,4.855983733420075
52.24763969020343,4.857218052481116
52.24811576649567,4.859637656469644
52.24982514978151,4.863594040495158
52.25132428585472,4.866177133505047
52.251844734314226,4.868502734449507
52.25346859175518,4.869884197820724
52.25172963837523,4.871952306699754
52.25105186578995,4.872619537624345
52.25079445355792,4.873544260614366
52.2524155336634,4.876743496849016
52.25304214988736,4.877956876868197
52.25377384250516,4.881144362722338
52.25654037346189,4.882096672651173
52.25871163190377,4.888409314431996
52.25822113049843,4.892080619453267
52.26424484151041,4.90244671817571
52.255115498292724,4.913400283536689
52.256705421029345,4.91623173757624
52.258044913451194,4.91790850063488
52.25916104523415,4.918356461463631
52.260382218516796,4.9179461154076165
52.26198394681175,4.917640407426447
52.26258751821096,4.921111249738246
52.2636113306413,4.923552123788326
52.266130534312644,4.9238742442562256
52.26738677031777,4.9248618079459305
52.268480979511985,4.929154363914208
52.27850331552432,4.925936734640786
52.277973764632556,4.933340142294114
52.27931257266186,4.941034090776597
52.27991618410537,4.94374985932744
52.280703299072506,4.947293121282641
52.28028210810392,4.95146140178484
52.28370825952411,4.948825133580144
52.28477144646338,4.95236867494576
52.28595267405371,4.951044350206288
52.28558486558279,4.941700907026174
52.28666065058061,4.941360330327811
52.2870180539955,4.942118086297782
52.28776922339599,4.942940215284111
52.28831037399327,4.94324736013958
52.28887776847264,4.9434686743065726
52.29134524528593,4.942465528135003
52.2938650797504,4.94077573645562
52.296456127221944,4.94130882549733
52.29776471672748,4.942111811821164
52.29854837560413,4.943172290210427
52.29889529708351,4.940722762827576
52.299213101018076,4.938682607595624
52.29892728261497,4.936556621675194
52.31409074310221,4.9210507713601
52.31364145716613,4.911638899926842
52.30991417572872,4.906911506538094
52.31077920191745,4.90180122781247
52.31620326870761,4.9053301766857516
52.317885408090035,4.9088970955804
52.31880674042801,4.909202448312939
52.320218316346676,4.905203065124155
52.321498691679494,4.901182224263252
52.32187069086764,4.896704988774658
52.32410965159743,4.8950975178617995
52.324029099235524,4.892856118373388
52.32396166157417,4.8917948908515285
52.324651600797104,4.891243283042499
52.328593789911736,4.891013540315257
52.32859941500186,4.888245964235907
52.32804771415341,4.8861328471561905
52.327954055301504,4.87935315001458
52.33211089079469,4.879417523030938
52.332078109708526,4.868930085782708
52.33072750783929,4.868900581483544
52.330779959166954,4.862283571843804
52.32775734993634,4.8623962246224295
52.32777702051228,4.856715305928887
52.32480584484089,4.856754868511857
52.32627752382754,4.851361952011288
52.32565090848901,4.84571154344529
52.325066496649754,4.84524685073346
52.324710559008594,4.843285317753256
52.3228145331954,4.843077027459444
52.32162667081931,4.844263485853375
52.3205310487898,4.84400645479262
52.320125979416,4.843411119642482
52.31962651977079,4.841232065797598
52.31817008058955,4.840829184382969
52.31702840020122,4.8393963347066205
52.31566212232759,4.839415592129157
52.31566002311036,4.834456669620053
52.31597273812914,4.833445958780871
,
52.332074439833214,5.014885049230777
52.33265138344831,5.005186181432926
52.32798316922922,5.0057655385801425
52.323183311785144,5.0048428586790195
52.321412741101085,5.003362279302799
52.319169916525226,4.999778848058902
52.32460627464871,4.996066670782291
52.32373414154823,4.992011170751773
52.32090778758887,4.994221310980045
52.31955356563039,4.9952029994794955
52.31823865187031,4.996313434011661
52.31715652395812,4.997182469732486
52.316687593645405,4.997257571584903
52.31477574941009,4.996882062322818
52.31447076490444,4.99684987581464
52.31356235774214,4.997633080846988
52.31059760682344,5.002632718450748
52.309839989280704,5.0076645425626864
52.308767495524904,5.009649377233707
52.30793440905065,5.010679345495426
52.30615666817051,5.005744080908023
52.30181369469378,5.009091477758609
52.30365721432092,5.011966805822574
52.303791702962336,5.014219861395084
52.3029929656495,5.018007140524112
52.30298148472064,5.0210219434568515
52.31993065338988,5.018179894634609
52.32776023656278,5.016553929604832
52.332467811296205,5.014799218542301
52.332074439833214,5.014885049230777
,
52.417020762213454,4.854861963506236
52.41922402712085,4.859032172842168
52.420724747508395,4.859926376707522
52.42382184321649,4.857795048804037
52.4249583628144,4.857952673453649
52.428919145321935,4.862521906250574
52.42944155065004,4.86274287565319
52.42995740808507,4.863167692940897
52.43055081888284,4.866501053064143
52.43051623072685,4.867586722032948
52.43029022233906,4.868509760894133
52.425920838512425,4.867702595460681
52.42109791996214,4.8616490291940995
52.41820385373265,4.861772769768886
52.416162251194315,4.8575456083614155
52.40491620219605,4.879145437558345
52.40022043303319,4.86816179164236
52.39717474804338,4.86992668517416
52.39420578022847,4.863859528382473
52.40076866673607,4.849016183694057
52.39762361124339,4.845533966696305
52.39568438084636,4.8440503502628784
52.393692688595856,4.844197516910507
52.39005396895586,4.844211028522816
52.3888491335062,4.84457064566524
52.38866240798318,4.830430442007625
52.387511325179716,4.830454224177618
52.38745102198961,4.831652992751705
52.38486843198651,4.83190225933452
52.383970796873776,4.767786376082426
52.37987947739496,4.767787203055276
52.378204566334375,4.767594910979014
52.377436767274226,4.767406128084577
52.381414507893126,4.760112631788065
52.38090606689698,4.759181335274878
52.381274366112095,4.758613478083209
52.38130543381406,4.758022436555169
52.38143637235003,4.757753260108877
52.382064903662474,4.758375733734761
52.383089700850974,4.7589498270311825
52.38385253331817,4.759008936196745
52.387100711000436,4.759273089070799
52.38810277289303,4.758153222093209
52.396817623685656,4.75787686513689
52.400589294782876,4.7287452135461105
52.43096760013685,4.738931884424611
52.42752758813057,4.766126622146576
52.42801521379135,4.76635925890859
52.417020762213454,4.854861963506236
